bowler,inning,over,ball,total_runs,is_wicket,overs_bowl,bowling_avg,bowling_strike_rate
SL Malinga,4520,29863,10895,3486,188,753.3333333333334,18.54255319148936,24.04255319148936
DJ Bravo,4135,36112,10412,3869,175,689.1666666666666,22.10857142857143,23.62857142857143
A Mishra,5006,33724,11563,3913,169,834.3333333333334,23.153846153846153,29.62130177514793
PP Chawla,4713,33110,11594,4330,164,785.5,26.402439024390244,28.73780487804878
Harbhajan Singh,5212,29367,12352,4038,161,868.6666666666666,25.080745341614907,32.37267080745342
R Ashwin,5180,29173,11991,3756,153,863.3333333333334,24.54901960784314,33.8562091503268
B Kumar,4268,22926,10104,3333,146,711.3333333333334,22.828767123287673,29.232876712328768
SP Narine,3979,30116,10008,3208,143,663.1666666666666,22.433566433566433,27.825174825174827
UT Yadav,3592,22928,9664,3672,137,598.6666666666666,26.802919708029197,26.21897810218978
R Vinay Kumar,3286,20985,7800,3021,127,547.6666666666666,23.787401574803148,25.874015748031496
YS Chahal,3353,20999,7852,2782,124,558.8333333333334,22.43548387096774,27.04032258064516
RA Jadeja,3958,29728,9792,3515,122,659.6666666666666,28.811475409836067,32.442622950819676
A Nehra,2942,15216,7137,2537,121,490.3333333333333,20.96694214876033,24.31404958677686
JJ Bumrah,3263,23812,7782,2655,119,543.8333333333334,22.310924369747898,27.42016806722689
Z Khan,3312,16690,8217,2860,119,552.0,24.03361344537815,27.831932773109244
Sandeep Sharma,3218,14506,7702,2686,117,536.3333333333334,22.957264957264957,27.504273504273506
SR Watson,3085,19924,7850,2742,107,514.1666666666666,25.626168224299064,28.83177570093458
DW Steyn,3560,18166,8317,2568,105,593.3333333333334,24.457142857142856,33.904761904761905
P Kumar,3888,17522,9614,3342,102,648.0,32.76470588235294,38.11764705882353
RP Singh,2715,14900,6886,2417,100,452.5,24.17,27.15
MM Sharma,2772,15903,6400,2488,100,462.0,24.88,27.72
IK Pathan,2960,17125,7604,2711,99,493.3333333333333,27.383838383838384,29.8989898989899
PP Ojha,2984,19187,6964,2399,99,497.3333333333333,24.232323232323232,30.141414141414142
JA Morkel,2857,12955,6622,2409,96,476.1666666666667,25.09375,29.760416666666668
DS Kulkarni,2650,13479,6775,2465,91,441.6666666666667,27.087912087912088,29.12087912087912
CH Morris,2174,14968,5565,1966,88,362.3333333333333,22.34090909090909,24.704545454545453
JD Unadkat,2498,16736,6022,2447,88,416.3333333333333,27.806818181818183,28.386363636363637
M Morkel,2320,12896,6203,2136,88,386.6666666666667,24.272727272727273,26.363636363636363
AR Patel,3118,19803,7301,2502,87,519.6666666666666,28.75862068965517,35.839080459770116
L Balaji,2398,16145,5691,2083,85,399.6666666666667,24.50588235294118,28.211764705882352
Imran Tahir,1919,14752,4662,1713,83,319.8333333333333,20.63855421686747,23.120481927710845
R Bhatia,2366,18340,5892,2059,82,394.3333333333333,25.109756097560975,28.853658536585368
MM Patel,2048,10848,4920,1733,82,341.3333333333333,21.134146341463413,24.975609756097562
AB Dinda,2273,12483,5814,2103,82,378.8333333333333,25.646341463414632,27.71951219512195
Rashid Khan,2255,15735,5265,1573,80,375.8333333333333,19.6625,28.1875
MJ McClenaghan,1987,11153,4976,1839,75,331.1666666666667,24.52,26.493333333333332
Mohammed Shami,2027,11971,5111,2055,74,337.8333333333333,27.77027027027027,27.39189189189189
JH Kallis,2448,16217,6498,2348,74,408.0,31.72972972972973,33.08108108108108
SK Trivedi,2336,16630,5620,1944,73,389.3333333333333,26.63013698630137,32.0
I Sharma,3153,13762,7392,2681,73,525.5,36.726027397260275,43.19178082191781
JP Faulkner,1761,13905,4613,1827,72,293.5,25.375,24.458333333333332
KA Pollard,2211,16479,5272,1975,71,368.5,27.816901408450704,31.140845070422536
AD Russell,1634,11308,4282,1743,67,272.3333333333333,26.01492537313433,24.388059701492537
TA Boult,1744,9331,4173,1597,67,290.6666666666667,23.83582089552239,26.029850746268657
Shakib Al Hasan,1973,12065,4846,1676,66,328.8333333333333,25.393939393939394,29.893939393939394
M Muralitharan,2484,16088,5710,1755,66,414.0,26.59090909090909,37.63636363636363
K Rabada,1255,8480,3046,1136,66,209.16666666666666,17.21212121212121,19.015151515151516
KV Sharma,1917,11691,4373,1645,64,319.5,25.703125,29.953125
MG Johnson,1942,10610,4769,1734,64,323.6666666666667,27.09375,30.34375
SK Warne,1726,13126,4383,1465,60,287.6666666666667,24.416666666666668,28.766666666666666
S Kaul,1540,10946,3706,1476,55,256.6666666666667,26.836363636363636,28.0
S Nadeem,1840,12101,5062,1764,53,306.6666666666667,33.283018867924525,34.716981132075475
SN Thakur,1302,9435,3473,1355,50,217.0,27.1,26.04
HV Patel,1482,9356,3523,1380,50,247.0,27.6,29.64
SB Jakati,1826,10916,3904,1474,50,304.3333333333333,29.48,36.52
A Kumble,1376,9686,3488,1089,49,229.33333333333334,22.224489795918366,28.081632653061224
KH Pandya,1941,11272,4627,1530,49,323.5,31.224489795918366,39.61224489795919
S Gopal,1292,8120,3172,1173,49,215.33333333333334,23.93877551020408,26.367346938775512
S Aravind,1155,5787,2855,1057,48,192.5,22.020833333333332,24.0625
JC Archer,1143,8625,3117,1008,47,190.5,21.4468085106383,24.319148936170212
RJ Harris,1175,7175,3146,1085,47,195.83333333333334,23.085106382978722,25.0
YK Pathan,1681,9483,4273,1443,46,280.1666666666667,31.369565217391305,36.54347826086956
Iqbal Abdulla,1460,8038,3376,1125,45,243.33333333333334,25.0,32.44444444444444
HH Pandya,1391,9538,3354,1340,45,231.83333333333334,29.77777777777778,30.91111111111111
NM Coulter-Nile,1095,6430,2739,945,45,182.5,21.0,24.333333333333332
DL Chahar,1355,4548,3822,1286,45,225.83333333333334,28.57777777777778,30.11111111111111
AJ Tye,898,7439,2358,892,45,149.66666666666666,19.822222222222223,19.955555555555556
VR Aaron,1384,9232,3842,1474,44,230.66666666666666,33.5,31.454545454545453
S Sreesanth,1357,5555,3564,1221,43,226.16666666666666,28.3953488372093,31.558139534883722
P Awana,1111,7180,2798,1046,43,185.16666666666666,24.325581395348838,25.837209302325583
DE Bollinger,1006,5231,2181,716,43,167.66666666666666,16.651162790697676,23.3953488372093
Kuldeep Yadav,1320,9388,3252,1251,43,220.0,29.093023255813954,30.697674418604652
MC Henriques,1511,8173,3316,1255,42,251.83333333333334,29.88095238095238,35.976190476190474
R Sharma,1400,9587,3293,1100,42,233.33333333333334,26.19047619047619,33.333333333333336
Mohammed Siraj,1200,7856,2779,1101,41,200.0,26.853658536585368,29.26829268292683
PJ Sangwan,1245,6780,3135,1201,41,207.5,29.29268292682927,30.365853658536587
Yuvraj Singh,1316,9637,3134,1091,39,219.33333333333334,27.974358974358974,33.743589743589745
M Kartik,1903,11173,4249,1418,39,317.1666666666667,36.35897435897436,48.794871794871796
MA Starc,850,5025,2258,725,39,141.66666666666666,18.58974358974359,21.794871794871796
MS Gony,1439,6430,3373,1317,39,239.83333333333334,33.76923076923077,36.8974358974359
DP Nannes,913,5467,2569,815,38,152.16666666666666,21.44736842105263,24.026315789473685
P Negi,1143,7351,2621,954,38,190.5,25.105263157894736,30.07894736842105
NLTC Perera,1064,7712,2542,1031,37,177.33333333333334,27.864864864864863,28.756756756756758
KK Cooper,884,7491,2189,789,36,147.33333333333334,21.916666666666668,24.555555555555557
DT Christian,1339,8374,2989,1062,36,223.16666666666666,29.5,37.19444444444444
TG Southee,1399,7223,3422,1316,34,233.16666666666666,38.705882352941174,41.14705882352941
DL Vettori,1150,7948,2765,894,34,191.66666666666666,26.294117647058822,33.8235294117647
AB Agarkar,1323,7918,3006,1174,33,220.5,35.57575757575758,40.09090909090909
MF Maharoof,636,3674,1625,532,33,106.0,16.12121212121212,19.272727272727273
Azhar Mahmood,863,5840,1971,707,31,143.83333333333334,22.806451612903224,27.838709677419356
A Singh,698,4104,1738,639,31,116.33333333333333,20.612903225806452,22.516129032258064
WD Parnell,905,5509,2194,731,31,150.83333333333334,23.580645161290324,29.193548387096776
RD Chahar,1063,6215,2348,808,31,177.16666666666666,26.06451612903226,34.29032258064516
BA Stokes,996,7640,2606,993,31,166.0,32.03225806451613,32.12903225806452
PJ Cummins,1053,5681,2548,949,31,175.5,30.612903225806452,33.96774193548387
Harmeet Singh,808,5778,2002,713,30,134.66666666666666,23.766666666666666,26.933333333333334
KK Ahmed,648,3268,1460,576,30,108.0,19.2,21.6
B Lee,1270,7171,3343,1126,30,211.66666666666666,37.53333333333333,42.333333333333336
SK Raina,1548,9669,3328,1139,30,258.0,37.96666666666667,51.6
MP Stoinis,896,5821,2033,869,29,149.33333333333334,29.96551724137931,30.896551724137932
Mustafizur Rahman,904,6594,1996,693,28,150.66666666666666,24.75,32.285714285714285
AD Mathews,1242,8141,2873,1095,28,207.0,39.107142857142854,44.357142857142854
PV Tambe,885,6594,2409,866,28,147.5,30.928571428571427,31.607142857142858
STR Binny,877,5058,2200,763,28,146.16666666666666,27.25,31.321428571428573
DR Smith,798,5656,2011,825,27,133.0,30.555555555555557,29.555555555555557
R Tewatia,861,5717,2100,684,27,143.5,25.333333333333332,31.88888888888889
J Botha,1130,6366,2530,818,27,188.33333333333334,30.296296296296298,41.851851851851855
CR Woakes,526,3897,1458,589,26,87.66666666666667,22.653846153846153,20.23076923076923
SW Tait,862,4639,2087,668,26,143.66666666666666,25.692307692307693,33.15384615384615
Washington Sundar,1005,4555,2332,758,26,167.5,29.153846153846153,38.65384615384615
CJ Jordan,579,4723,1544,620,25,96.5,24.8,23.16
SM Curran,654,4317,1724,673,25,109.0,26.92,26.16
RE van der Merwe,666,4899,1635,515,25,111.0,20.6,26.64
GB Hogg,712,4895,1655,585,25,118.66666666666667,23.4,28.48
M Ashwin,978,6606,2235,796,25,163.0,31.84,39.12
AS Rajpoot,795,4121,2121,844,24,132.5,35.166666666666664,33.125
Sohail Tanvir,381,2148,982,275,24,63.5,11.458333333333334,15.875
A Symonds,790,5094,1936,694,23,131.66666666666666,30.17391304347826,34.34782608695652
L Ngidi,312,2622,993,331,23,52.0,14.391304347826088,13.565217391304348
BW Hilfenhaus,612,2634,1432,497,23,102.0,21.608695652173914,26.608695652173914
JP Duminy,1019,5783,2521,847,23,169.83333333333334,36.82608695652174,44.30434782608695
A Nortje,605,3772,1346,529,23,100.83333333333333,23.0,26.304347826086957
JO Holder,548,3267,1487,552,23,91.33333333333333,24.0,23.82608695652174
WPUJC Vaas,513,1707,1023,364,22,85.5,16.545454545454547,23.318181818181817
Bipul Sharma,629,3843,1569,581,22,104.83333333333333,26.40909090909091,28.59090909090909
VY Mahesh,482,3498,1327,511,22,80.33333333333333,23.227272727272727,21.90909090909091
Anureet Singh,624,4027,1567,636,21,104.0,30.285714285714285,29.714285714285715
A Zampa,378,3163,1037,373,21,63.0,17.761904761904763,18.0
Basil Thampi,660,4625,1561,704,21,110.0,33.523809523809526,31.428571428571427
T Natarajan,656,5221,1703,636,21,109.33333333333333,30.285714285714285,31.238095238095237
GJ Maxwell,812,4891,1996,786,20,135.33333333333334,39.3,40.6
M Prasidh Krishna,832,4705,1978,810,20,138.66666666666666,40.5,41.6
BB Sran,817,4127,1930,767,20,136.16666666666666,38.35,40.85
R Dhawan,813,5385,1885,655,20,135.5,32.75,40.65
KW Richardson,456,2821,1170,450,20,76.0,22.5,22.8
MR Marsh,422,3324,1187,426,20,70.33333333333333,21.3,21.1
CRD Fernando,397,2523,925,306,19,66.16666666666667,16.105263157894736,20.894736842105264
IC Pandey,717,2635,1666,609,19,119.5,32.05263157894737,37.73684210526316
NA Saini,964,5309,2140,795,19,160.66666666666666,41.8421052631579,50.73684210526316
AD Mascarenhas,430,1924,1098,365,19,71.66666666666667,19.210526315789473,22.63157894736842
A Ashish Reddy,442,3535,962,400,19,73.66666666666667,21.05263157894737,23.263157894736842
CH Gayle,866,6216,2149,755,19,144.33333333333334,39.73684210526316,45.578947368421055
Mujeeb Ur Rahman,612,3830,1546,568,18,102.0,31.555555555555557,34.0
BJ Hodge,356,2183,847,310,18,59.333333333333336,17.22222222222222,19.77777777777778
CV Varun,572,3319,1162,392,18,95.33333333333333,21.77777777777778,31.77777777777778
D Wiese,398,2819,1047,409,17,66.33333333333333,24.058823529411764,23.41176470588235
LR Shukla,461,3847,1169,458,17,76.83333333333333,26.941176470588236,27.11764705882353
M Markande,524,2855,1085,435,16,87.33333333333333,27.1875,32.75
VRV Singh,558,3855,1338,549,16,93.0,34.3125,34.875
RG Sharma,537,3393,1249,449,16,89.5,28.0625,33.5625
Shivam Mavi,484,2880,1257,487,16,80.66666666666667,30.4375,30.25
CR Brathwaite,421,2895,966,384,16,70.16666666666667,24.0,26.3125
ST Jayasuriya,504,3364,1080,396,16,84.0,24.75,31.5
AC Thomas,467,2635,1185,416,16,77.83333333333333,26.0,29.1875
YA Abdulla,337,2085,820,311,15,56.166666666666664,20.733333333333334,22.466666666666665
RR Powar,654,3202,1612,538,15,109.0,35.86666666666667,43.6
R Rampaul,473,1837,984,308,15,78.83333333333333,20.533333333333335,31.533333333333335
SJ Srivastava,467,2541,1160,444,15,77.83333333333333,29.6,31.133333333333333
AN Ahmed,504,3273,1331,515,15,84.0,34.333333333333336,33.6
CJ Anderson,459,3331,1169,525,14,76.5,37.5,32.785714285714285
Arshdeep Singh,303,1738,829,336,14,50.5,24.0,21.642857142857142
Ravi Bishnoi,470,3348,1156,381,14,78.33333333333333,27.214285714285715,33.57142857142857
AB McDonald,303,1773,665,263,14,50.5,18.785714285714285,21.642857142857142
Umar Gul,227,1664,593,198,14,37.833333333333336,14.142857142857142,16.214285714285715
Karanveer Singh,290,2189,779,323,14,48.333333333333336,23.071428571428573,20.714285714285715
R McLaren,546,3139,1366,558,14,91.0,39.857142857142854,39.0
K Gowtham,578,2324,1470,576,14,96.33333333333333,41.142857142857146,41.285714285714285
LH Ferguson,587,3147,1182,432,14,97.83333333333333,30.857142857142858,41.92857142857143
DJG Sammy,417,2494,879,354,14,69.5,25.285714285714285,29.785714285714285
MM Ali,396,2546,940,309,14,66.0,22.071428571428573,28.285714285714285
GD McGrath,462,2004,1169,366,14,77.0,26.142857142857142,33.0
JR Hopes,515,4278,1323,562,14,85.83333333333333,40.142857142857146,36.785714285714285
S Lamichhane,326,1707,742,297,14,54.333333333333336,21.214285714285715,23.285714285714285
Joginder Sharma,431,2928,1006,421,13,71.83333333333333,32.38461538461539,33.15384615384615
JDP Oram,396,2164,873,362,13,66.0,27.846153846153847,30.46153846153846
RS Bopara,319,2520,768,301,13,53.166666666666664,23.153846153846153,24.53846153846154
CK Langeveldt,192,1310,610,199,13,32.0,15.307692307692308,14.76923076923077
Kamran Khan,229,1377,626,233,13,38.166666666666664,17.923076923076923,17.615384615384617
BA Bhatt,489,2820,1077,408,13,81.5,31.384615384615383,37.61538461538461
SM Pollock,383,1168,994,307,13,63.833333333333336,23.615384615384617,29.46153846153846
AG Murtaza,440,2338,959,322,12,73.33333333333333,26.833333333333332,36.666666666666664
SC Ganguly,456,2723,994,370,12,76.0,30.833333333333332,38.0
J Suchith,413,2307,995,397,12,68.83333333333333,33.083333333333336,34.416666666666664
V Pratap Singh,352,1739,764,300,12,58.666666666666664,25.0,29.333333333333332
BCJ Cutting,446,3170,1031,430,12,74.33333333333333,35.833333333333336,37.166666666666664
Ankit Sharma,567,2689,1339,453,12,94.5,37.75,47.25
S Badree,368,1382,938,329,11,61.333333333333336,29.90909090909091,33.45454545454545
A Chandila,348,1080,819,245,11,58.0,22.272727272727273,31.636363636363637
JD Ryder,384,2491,857,314,11,64.0,28.545454545454547,34.90909090909091
JL Pattinson,381,1766,803,321,11,63.5,29.181818181818183,34.63636363636363
Pankaj Singh,448,2224,1129,472,11,74.66666666666667,42.90909090909091,40.72727272727273
KP Appanna,332,2286,799,291,11,55.333333333333336,26.454545454545453,30.181818181818183
BE Hendricks,263,1389,574,239,11,43.833333333333336,21.727272727272727,23.90909090909091
Mohammad Nabi,480,1999,1040,331,11,80.0,30.09090909090909,43.63636363636363
J Theron,348,2711,856,302,11,58.0,27.454545454545453,31.636363636363637
KMA Paul,266,2124,693,239,10,44.333333333333336,23.9,26.6
T Thushara,214,1216,528,164,10,35.666666666666664,16.4,21.4
Anand Rajan,273,1627,613,206,10,45.5,20.6,27.3
J Syed Mohammad,259,2054,700,286,10,43.166666666666664,28.6,25.9
MN Samuels,308,2055,780,285,10,51.333333333333336,28.5,30.8
DJ Hussey,413,3437,1149,485,10,68.83333333333333,48.5,41.3
B Laughlin,266,2196,668,284,10,44.333333333333336,28.4,26.6
Kartik Tyagi,289,2501,884,372,10,48.166666666666664,37.2,28.9
BAW Mendis,367,2248,868,288,9,61.166666666666664,32.0,40.77777777777778
SB Styris,333,2243,798,278,9,55.5,30.88888888888889,37.0
JEC Franklin,187,1733,555,225,9,31.166666666666668,25.0,20.77777777777778
SE Bond,285,1661,686,225,9,47.5,25.0,31.666666666666668
IS Sodhi,273,1727,638,204,9,45.5,22.666666666666668,30.333333333333332
P Parameswaran,229,1592,567,226,9,38.166666666666664,25.11111111111111,25.444444444444443
SMSM Senanayake,268,1215,694,211,9,44.666666666666664,23.444444444444443,29.77777777777778
Shahid Afridi,272,1846,666,237,9,45.333333333333336,26.333333333333332,30.22222222222222
Mohammad Asif,298,1699,722,307,9,49.666666666666664,34.111111111111114,33.111111111111114
TK Curran,255,2235,663,328,9,42.5,36.44444444444444,28.333333333333332
KP Pietersen,204,1676,654,218,9,34.0,24.22222222222222,22.666666666666668
AM Nayar,398,2330,865,323,9,66.33333333333333,35.888888888888886,44.22222222222222
M Ntini,303,1163,756,257,8,50.5,32.125,37.875
AA Chavan,406,1341,913,339,8,67.66666666666667,42.375,50.75
KC Cariappa,316,2007,812,349,8,52.666666666666664,43.625,39.5
I Udana,288,1874,667,286,8,48.0,35.75,36.0
S Randiv,315,1781,652,223,8,52.5,27.875,39.375
A Mithun,431,3275,1182,477,8,71.83333333333333,59.625,53.875
GC Viljoen,216,1598,541,229,8,36.0,28.625,27.0
C de Grandhomme,297,2323,851,323,7,49.5,46.142857142857146,42.42857142857143
DJ Hooda,313,1953,869,326,7,52.166666666666664,46.57142857142857,44.714285714285715
HF Gurney,262,1614,616,239,7,43.666666666666664,34.142857142857146,37.42857142857143
V Shankar,242,1839,669,229,7,40.333333333333336,32.714285714285715,34.57142857142857
B Akhil,269,2189,689,246,7,44.833333333333336,35.142857142857146,38.42857142857143
P Amarnath,222,1380,462,241,7,37.0,34.42857142857143,31.714285714285715
Y Venugopal Rao,314,2109,798,338,7,52.333333333333336,48.285714285714285,44.857142857142854
R Shukla,189,1183,492,217,7,31.5,31.0,27.0
N Rana,151,1036,391,143,7,25.166666666666668,20.428571428571427,21.571428571428573
AM Salvi,224,1305,567,205,7,37.333333333333336,29.285714285714285,32.0
RR Raje,211,1658,515,214,7,35.166666666666664,30.571428571428573,30.142857142857142
B Stanlake,200,905,546,200,7,33.333333333333336,28.571428571428573,28.571428571428573
PC Valthaty,238,1758,540,207,7,39.666666666666664,29.571428571428573,34.0
TL Suman,206,1613,539,198,7,34.333333333333336,28.285714285714285,29.428571428571427
VS Malik,294,1046,764,268,6,49.0,44.666666666666664,49.0
S Tyagi,359,967,805,304,6,59.833333333333336,50.666666666666664,59.833333333333336
S Narwal,151,695,414,203,6,25.166666666666668,33.833333333333336,25.166666666666668
R Sathish,246,1609,520,233,6,41.0,38.833333333333336,41.0
M de Lange,206,919,435,171,6,34.333333333333336,28.5,34.333333333333336
S Kaushik,332,2008,756,304,6,55.333333333333336,50.666666666666664,55.333333333333336
Jaskaran Singh,124,1000,412,174,6,20.666666666666668,29.0,20.666666666666668
FH Edwards,252,1224,551,160,6,42.0,26.666666666666668,42.0
JE Taylor,169,1286,441,167,6,28.166666666666668,27.833333333333332,28.166666666666668
V Sehwag,198,1505,486,236,6,33.0,39.333333333333336,33.0
SB Bangar,246,1462,546,221,6,41.0,36.833333333333336,41.0
KMDN Kulasekara,144,722,395,122,6,24.0,20.333333333333332,24.0
J Yadav,328,1648,952,290,6,54.666666666666664,48.333333333333336,54.666666666666664
RV Gomez,145,1026,343,130,6,24.166666666666668,21.666666666666668,24.166666666666668
MJ Santner,143,1090,469,147,6,23.833333333333332,24.5,23.833333333333332
SS Cottrell,192,727,500,177,6,32.0,29.5,32.0
AS Joseph,97,410,200,89,6,16.166666666666668,14.833333333333334,16.166666666666668
Shoaib Ahmed,169,977,364,154,5,28.166666666666668,30.8,33.8
S Ladda,166,1447,504,225,5,27.666666666666668,45.0,33.2
Gurkeerat Singh,140,684,301,97,5,23.333333333333332,19.4,28.0
TS Mills,171,1078,399,157,5,28.5,31.4,34.2
Shoaib Akhtar,92,60,176,54,5,15.333333333333334,10.8,18.4
L Ablish,45,493,169,76,5,7.5,15.2,9.0
S Dube,102,962,232,83,5,17.0,16.6,20.4
O Thomas,69,475,231,85,5,11.5,17.0,13.8
PD Collingwood,125,1095,321,101,5,20.833333333333332,20.2,25.0
TM Dilshan,355,2463,974,368,5,59.166666666666664,73.6,71.0
KL Nagarkoti,263,1689,575,233,5,43.833333333333336,46.6,52.6
A Choudhary,164,894,402,144,5,27.333333333333332,28.8,32.8
AF Milne,180,998,428,185,5,30.0,37.0,36.0
SB Wagh,140,500,401,147,5,23.333333333333332,29.4,28.0
V Kohli,344,2907,974,371,5,57.333333333333336,74.2,68.8
AP Dole,99,523,282,114,5,16.5,22.8,19.8
Avesh Khan,302,1411,665,301,5,50.333333333333336,60.2,60.4
JP Behrendorff,185,539,420,168,5,30.833333333333332,33.6,37.0
Ankit Soni,187,1006,400,145,4,31.166666666666668,36.25,46.75
Y Nagar,104,768,276,125,4,17.333333333333332,31.25,26.0
DJ Muthuswami,132,360,294,108,4,22.0,27.0,33.0
D du Preez,61,367,154,56,4,10.166666666666666,14.0,15.25
Parvez Rasool,278,1506,708,273,4,46.333333333333336,68.25,69.5
LE Plunkett,265,1521,554,228,4,44.166666666666664,57.0,66.25
DP Vijaykumar,222,983,574,205,4,37.0,51.25,55.5
S Dhawan,80,308,175,72,4,13.333333333333334,18.0,20.0
Shivam Sharma,162,1272,399,165,4,27.0,41.25,40.5
WA Mota,93,995,274,98,4,15.5,24.5,23.25
TM Head,90,553,168,81,3,15.0,27.0,30.0
RJ Peterson,48,486,168,70,3,8.0,23.333333333333332,16.0
A Uniyal,50,403,140,67,3,8.333333333333334,22.333333333333332,16.666666666666668
JW Hastings,106,444,220,66,3,17.666666666666668,22.0,35.333333333333336
R Ninan,36,342,126,65,3,6.0,21.666666666666668,12.0
AL Menaria,165,814,402,144,3,27.5,48.0,55.0
TU Deshpande,151,961,414,193,3,25.166666666666668,64.33333333333333,50.333333333333336
Gagandeep Singh,108,1002,294,142,3,18.0,47.333333333333336,36.0
DAJ Bracewell,25,253,91,32,3,4.166666666666667,10.666666666666666,8.333333333333334
SM Harwood,110,676,262,74,3,18.333333333333332,24.666666666666668,36.666666666666664
SM Boland,62,448,154,56,3,10.333333333333334,18.666666666666668,20.666666666666668
RN ten Doeschate,124,854,308,94,3,20.666666666666668,31.333333333333332,41.333333333333336
K Santokie,78,520,189,91,3,13.0,30.333333333333332,26.0
Sachin Baby,20,144,31,8,3,3.3333333333333335,2.6666666666666665,6.666666666666667
MJ Clarke,78,636,231,72,3,13.0,24.0,26.0
DJ Thornely,62,499,161,40,3,10.333333333333334,13.333333333333334,20.666666666666668
Abhishek Sharma,130,630,266,113,3,21.666666666666668,37.666666666666664,43.333333333333336
K Khejroliya,134,1005,372,157,3,22.333333333333332,52.333333333333336,44.666666666666664
P Sahu,171,1100,377,152,3,28.5,50.666666666666664,57.0
JJ van der Wath,76,720,281,134,3,12.666666666666666,44.666666666666664,25.333333333333332
JM Kemp,66,420,172,58,3,11.0,19.333333333333332,22.0
T Shamsi,168,1032,336,151,3,28.0,50.333333333333336,56.0
KM Asif,76,239,140,75,3,12.666666666666666,25.0,25.333333333333332
JDS Neesham,224,1362,547,245,3,37.333333333333336,81.66666666666667,74.66666666666667
A Flintoff,84,780,231,106,2,14.0,53.0,42.0
LJ Wright,110,851,276,125,2,18.333333333333332,62.5,55.0
Shahbaz Ahmed,62,436,133,45,2,10.333333333333334,22.5,31.0
DJ Willey,86,570,217,96,2,14.333333333333334,48.0,43.0
B Geeves,49,361,175,91,2,8.166666666666666,45.5,24.5
DNT Zoysa,93,516,252,100,2,15.5,50.0,46.5
SD Chitnis,51,405,140,62,2,8.5,31.0,25.5
JPR Scantlebury-Searles,78,383,168,89,2,13.0,44.5,39.0
D Kalyankrishna,88,542,182,88,2,14.666666666666666,44.0,44.0
P Suyal,195,703,420,154,2,32.5,77.0,97.5
R Parag,146,750,343,148,2,24.333333333333332,74.0,73.0
C Nanda,94,532,182,58,2,15.666666666666666,29.0,47.0
MJ Henry,62,249,112,71,2,10.333333333333334,35.5,31.0
Mohammad Hafeez,83,550,231,71,2,13.833333333333334,35.5,41.5
SC Kuggeleijn,75,670,182,71,2,12.5,35.5,37.5
KJ Abbott,158,805,379,182,2,26.333333333333332,91.0,79.0
S Sandeep Warrier,143,404,344,120,2,23.833333333333332,60.0,71.5
ND Doshi,89,511,199,79,2,14.833333333333334,39.5,44.5
Shoaib Malik,103,638,225,87,2,17.166666666666668,43.5,51.5
MA Khote,30,450,105,52,2,5.0,26.0,15.0
TP Sudhindra,122,696,269,137,1,20.333333333333332,137.0,122.0
AJ Finch,70,389,155,67,1,11.666666666666666,67.0,70.0
SB Joshi,74,647,190,82,1,12.333333333333334,82.0,74.0
Swapnil Singh,92,578,217,90,1,15.333333333333334,90.0,92.0
AC Voges,93,560,203,76,1,15.5,76.0,93.0
MK Tiwary,57,538,168,83,1,9.5,83.0,57.0
JR Hazlewood,97,395,217,72,1,16.166666666666668,72.0,97.0
AA Jhunjhunwala,102,653,317,130,1,17.0,130.0,102.0
CL White,78,489,176,86,1,13.0,86.0,78.0
D Salunkhe,65,526,189,80,1,10.833333333333334,80.0,65.0
RG More,61,431,134,63,1,10.166666666666666,63.0,61.0
GS Sandhu,48,618,168,86,1,8.0,86.0,48.0
Abdul Samad,74,457,154,96,1,12.333333333333334,96.0,74.0
SE Rutherford,52,556,182,60,1,8.666666666666666,60.0,52.0
AC Gilchrist,2,19,1,0,1,0.3333333333333333,0.0,2.0
CJ McKay,60,402,147,60,1,10.0,60.0,60.0
GR Napier,48,198,84,28,1,8.0,28.0,48.0
Mashrafe Mortaza,56,298,113,59,1,9.333333333333334,59.0,56.0
AM Rahane,6,84,21,5,1,1.0,5.0,6.0
LA Carseldine,7,35,28,6,1,1.1666666666666667,6.0,7.0
SS Mundhe,7,35,28,6,1,1.1666666666666667,6.0,7.0
AS Roy,30,153,66,11,1,5.0,11.0,30.0
NB Singh,25,38,91,18,1,4.166666666666667,18.0,25.0
AA Kazi,13,157,49,21,1,2.1666666666666665,21.0,13.0
S Vidyut,26,142,49,22,1,4.333333333333333,22.0,26.0
DJM Short,36,198,63,23,1,6.0,23.0,36.0
DB Ravi Teja,30,204,63,28,1,5.0,28.0,30.0
FY Fazal,18,180,42,20,1,3.0,20.0,18.0
A Nel,36,168,63,31,1,6.0,31.0,36.0
LMP Simmons,36,252,63,34,1,6.0,34.0,36.0
SS Sarkar,32,281,85,34,1,5.333333333333333,34.0,32.0
BMAJ Mendis,48,288,105,36,1,8.0,36.0,48.0
AA Noffke,25,249,91,41,1,4.166666666666667,41.0,25.0
T Henderson,48,504,126,41,1,8.0,41.0,48.0
PM Sarvesh Kumar,43,233,112,42,1,7.166666666666667,42.0,43.0
SS Agarwal,24,180,84,42,1,4.0,42.0,24.0
GH Vihari,62,162,154,48,1,10.333333333333334,48.0,62.0
Harmeet Singh (2),50,126,91,34,1,8.333333333333334,34.0,50.0
Y Prithvi Raj,66,238,126,57,1,11.0,57.0,66.0
M Manhas,60,492,147,42,0,10.0,inf,inf
Sunny Gupta,19,134,70,47,0,3.1666666666666665,inf,inf
A Dananjaya,50,200,91,47,0,8.333333333333334,inf,inf
AS Raut,30,414,105,45,0,5.0,inf,inf
Rasikh Salam,27,176,105,42,0,4.5,inf,inf
RW Price,18,114,63,33,0,3.0,inf,inf
RR Bhatkal,24,102,42,35,0,4.0,inf,inf
NL McCullum,48,204,105,35,0,8.0,inf,inf
CJ Dala,38,153,70,34,0,6.333333333333333,inf,inf
Tejas Baroka,42,183,69,33,0,7.0,inf,inf
M Vijay,44,271,133,49,0,7.333333333333333,inf,inf
CK Kapugedera,28,203,57,49,0,4.666666666666667,inf,inf
Harpreet Brar,92,374,196,89,0,15.333333333333334,inf,inf
S Sriram,18,180,63,49,0,3.0,inf,inf
MA Wood,25,352,91,50,0,4.166666666666667,inf,inf
P Ray Barman,24,246,84,56,0,4.0,inf,inf
SA Abbott,46,200,120,57,0,7.666666666666667,inf,inf
SR Tendulkar,67,417,133,59,0,11.166666666666666,inf,inf
VS Yeligati,32,372,119,61,0,5.333333333333333,inf,inf
MG Neser,25,303,91,62,0,4.166666666666667,inf,inf
AUK Pathan,68,570,147,63,0,11.333333333333334,inf,inf
P Dubey,96,444,168,72,0,16.0,inf,inf
KAJ Roach,52,493,196,80,0,8.666666666666666,inf,inf
K Upadhyay,75,329,203,81,0,12.5,inf,inf
KS Williamson,18,144,63,31,0,3.0,inf,inf
K Goel,98,682,238,94,0,16.333333333333332,inf,inf
MB Parmar,38,144,70,33,0,6.333333333333333,inf,inf
Monu Kumar,16,128,72,20,0,2.6666666666666665,inf,inf
S Midhun,26,103,49,29,0,4.333333333333333,inf,inf
Abdur Razzak,14,140,56,29,0,2.3333333333333335,inf,inf
DA Warner,4,22,13,2,0,0.6666666666666666,inf,inf
SPD Smith,4,32,3,5,0,0.6666666666666666,inf,inf
SN Khan,4,38,3,6,0,0.6666666666666666,inf,inf
Y Gnaneswara Rao,6,60,21,7,0,1.0,inf,inf
RS Gavaskar,6,90,21,8,0,1.0,inf,inf
SA Yadav,6,0,21,8,0,1.0,inf,inf
RA Shaikh,12,12,21,11,0,2.0,inf,inf
BJ Rohrer,14,77,28,12,0,2.3333333333333335,inf,inf
RA Tripathi,12,66,21,12,0,2.0,inf,inf
C Ganapathy,6,54,21,13,0,1.0,inf,inf
LS Livingstone,6,42,21,13,0,1.0,inf,inf
C Munro,18,84,42,15,0,3.0,inf,inf
F du Plessis,12,90,21,16,0,2.0,inf,inf
P Prasanth,6,42,21,18,0,1.0,inf,inf
S Rana,26,184,52,18,0,4.333333333333333,inf,inf
B Chipli,12,84,21,20,0,2.0,inf,inf
NJ Rimmington,36,84,63,20,0,6.0,inf,inf
LPC Silva,12,108,21,21,0,2.0,inf,inf
I Malhotra,12,42,21,23,0,2.0,inf,inf
CJ Green,34,104,57,24,0,5.666666666666667,inf,inf
LRPL Taylor,19,163,49,24,0,3.1666666666666665,inf,inf
RR Bose,12,12,42,24,0,2.0,inf,inf
DJ Harris,18,198,63,26,0,3.0,inf,inf
Mandeep Singh,18,150,42,26,0,3.0,inf,inf
MK Lomror,30,156,63,27,0,5.0,inf,inf
DR Sams,103,663,288,114,0,17.166666666666668,inf,inf
